Nourriture; FastFood; Un repas gras et sucré dans un fast-food peu fameux.; 00:30:00;[0, 1, 1, 0]; 0.4;[1,1,1,1,1,1,1];Ressources/Images/fastfood.png;normal:[-3,1,0.05,-4,2,2,2];Gourmand:[-3,1,0.06,-5,2,2,2];Sportif:[-3,1,0.05,-3,2,2,2];VideoGamer:[-3,1,0.05,-4,2,2,2];Social:[-3,1,0.05,-4,2,2,2];Studieux:[-3,1,0.05,-4,2,2,2];Dépressif:[-3,1,0.05,-3,2,2,2];Peureux:[-3,1,0.05,-4,2,2,2];7:00:00; 23:30:00
Nourriture; Gros restaurant; Un gros repas au restaurant, vous mangez comme jamais.;02:30:00;[0, 1, 1 ,0]; 0.7;[1,1,1,1,1,1,1];Ressources/Images/grosrestaurant.png;normal:[-6, 1, 0.05 ,-6, 2,2,2];Gourmand:[-6, 1, 0.06 ,-7, 2,2,2];Sportif:[-6,1,0.05,-5,2,2,2];VideoGamer:[-6, 1, 0.05 ,-6, 2,2,2];Social:[-6, 1, 0.05 ,-6, 2,2,2];Studieux:[-6, 1, 0.05 ,-6, 2,2,2];Dépressif:[-6, 1, 0.05 ,-5, 2,2,2];Peureux:[-6, 1, 0.05 ,-6, 2,2,2];11:00:00; 15:00:00; 18:00:00; 22:00:00
Nourriture; Restaurant; Un repas normal au restaurant, vous mangez correctement.; 01:00:00; [0, 1, 1 ,0]; 0.3;[1,1,1,1,1,1,1];Ressources/Images/repasnormal.png;normal:[-4,1,0.01,-5,2,2,2];Gourmand:[-4,1,0.01,-6,2,2,2];Sportif:[-4,1,0.01,-5,2,2,2];VideoGamer:[-4,1,0.01,-5,2,2,2];Social:[-4,1,0.01,-5,2,2,2];Studieux:[-4,1,0.01,-5,2,2,2];Dépressif:[-4,1,0.01,-4,2,2,2];Peureux:[-4,1,0.01,-5,2,2,2];11:00:00; 15:00:00; 18:00:00; 22:00:00
Nourriture; Restaurant léger; Un repas léger au restaurant, vous mangez sainement.; 01:00:00; [0, 1, 1 ,0]; 0.2;[1,1,1,1,1,1,1];Ressources/Images/restaurant_leger.png;normal:[-2, 1, 0.005, -5, 2,2,2];Gourmand:[-2, 1, 0.005, -4, 2,2,2];Sportif:[-2, 1, 0.005, -5, 2,2,2];VideoGamer:[-2, 1, 0.005, -5, 2,2,2];Social:[-2, 1, 0.005, -5, 2,2,2];Studieux:[-2, 1, 0.005, -5, 2,2,2];Dépressif:[-2, 1, 0.005, -4, 2,2,2];Peureux:[-2, 1, 0.005, -5, 2,2,2];11:00:00; 15:00:00; 18:00:00; 22:00:00
Nourriture; Repas de famille; Un gros repas très long avec toute la famille. Mamie a fait 10 sortes de gateaux en plus.; 04:30:00;[0, 1, 1 ,0]; 0.7;[1,1,1,1,1,1,1];Ressources/Images/repasfamille.png;normal:[-8, 1, 0.025, 6, 2,2,2];Gourmand:[-9, 1, 0.035, 7, 2,2,2];Sportif:[-8, 1, 0.025, 5, 2,2,2];VideoGamer:[-8, 1, 0.025, 6, 2,2,2];Social:[-8, 1, 0.025, 6, 2,2,2];Studieux:[-8, 1, 0.025, 6, 2,2,2];Dépressif:[-9, 1, 0.025, 6, 2,2,2];Peureux:[-8, 1, 0.025, 6, 2,2,2];10:00:00; 18:00:00
Nourriture; Repas simple; Un repas de base de tous les jours.; 00:30:00;[0, 1, 1 ,0]; 0.2;[1,1,1,1,1,1,1];Ressources/Images/repassimple.png;normal:[-4, 1, 0.008, -5, 2,2,2];Gourmand:[-4, 1, 0.008, -6, 2,2,2];Sportif:[-4, 1, 0.008, -5, 2,2,2];VideoGamer:[-4, 1, 0.008, -5, 2,2,2];Social:[-4, 1, 0.008, -5, 2,2,2];Studieux:[-4, 1, 0.008, -5, 2,2,2];Dépressif:[-4, 1, 0.008, -4, 2,2,2];Peureux:[-4, 1, 0.008, -5, 2,2,2];6:00:00; 22:00:00
Nourriture; Repas tout fait; Un repas déjà tout fait, pas cuisiné.; 00:30:00;[0, 1, 1 ,0];0.3;[1,1,1,1,1,1,1];Ressources/Images/repastoutfait.png;normal:[-3, 1, 0.01, -4 ,2 ,2 ,2];Gourmand:[-3, 1, 0.01, -4 ,2 ,2 ,2];Sportif:[-3, 1, 0.01, -4 ,2 ,2 ,2];VideoGamer:[-3, 1, 0.01, -4 ,2 ,2 ,2];Social:[-3, 1, 0.01, -4 ,2 ,2 ,2];Studieux:[-3, 1, 0.01, -4 ,2 ,2 ,2];Dépressif:[-3, 1, 0.01, -4 ,2 ,2 ,2];Peureux:[-3, 1, 0.01, -4 ,2 ,2 ,2];00:00:00;23:59:59

Sport; Courir; Une session de course normale.; 00:45:00;[30, 1, 0 ,0];-0.4;[1,1,1,1,1,1,1];Ressources/Images/courir.png;normal:[3, 1, -0.01, -5, 2,2,2];Gourmand:[3, 1, -0.01, 2, 2,2,2];Sportif:[2, 1, -0.01, -7, 2,2,2];VideoGamer:[3, 1, -0.01, 1, 2,2,2];Social:[3, 1, -0.01, -5, 2,2,2];Studieux:[3, 1, -0.01, -5, 2,2,2];Dépressif:[3, 1, -0.01, -3, 2,2,2];Peureux:[3, 1, -0.01, -4, 2,2,2];06:00:00; 22:00:00
Sport; Musculation; Une session de sport à la salle.; 01:30:00;[40, 1, 0 ,0];-0.3;[1,1,1,1,1,1,1];Ressources/Images/salledesport.png;normal:[4,1,-0.02,-5,2,2,2];Gourmand:[4,1,-0.02,2,2,2,2];Sportif:[3,1,-0.02,-7,2,2,2];VideoGamer:[4,1,-0.02,2,2,2,2];Social:[4,1,-0.02,-5,2,2,2];Studieux:[4,1,-0.02,-5,2,2,2];Dépressif:[4,1,-0.02,-3,2,2,2];Peureux:[4,1,-0.02,-4,2,2,2];07:00:00; 22:00:00
Sport; Entraimenent en équipe; Une session de sport en équipe.; 02:30:00;[50, 1, 0 ,0];-0.4;[1,1,1,1,1,1,1];Ressources/Images/sportcollectif.png;normal:[5, 1,-0.025,-6,2,2,2];Gourmand:[5, 1,-0.025,2,2,2,2];Sportif:[4, 1,-0.025,-7,2,2,2];VideoGamer:[5, 1,-0.025,2,2,2,2];Social:[5, 1,-0.025,-6,2,2,2];Studieux:[5, 1,-0.025,-6,2,2,2];Dépressif:[5, 1,-0.025,-5,2,2,2];Peureux:[5, 1,-0.025,-6,2,2,2];18:00:00; 22:30:00


Sortie; Bar; Vous allez prendre une consommation dans un bar.; 03:00:00;[20, 1,1,0];[1,1,1,1,1,1,1];Ressources/Images/bar.png;normal:[2, 1,0.01,-5,2,2,2];Gourmand:[2, 1,0.015,-6,2,2,2];Sportif:[2, 1,0.01,-5,2,2,2];VideoGamer:[2, 1,0.01,-5,2,2,2];Social:[2, 1,0.01,-7,2,2,2];Studieux:[2, 1,0.01,-3,2,2,2];Dépressif:[3, 1,0.015,-5,2,2,2];Peureux:[2, 1,0.01,-1,2,2,2]; 20:00:00; 23:00:00
Sortie; Bowling; Vous allez faire une partie de bowling.; 03:00:00;[25, 1,1,0];[1,1,1,1,1,1,1];Ressources/Images/bowling.png;normal:[2, 1, -0.005, -4, 2,2,2];Gourmand:[2, 1, -0.005, -4, 2,2,2];Sportif:[2, 1, -0.005, -4, 2,2,2];VideoGamer:[2, 1, -0.005, -4, 2,2,2];Social:[2, 1, -0.005, -4, 2,2,2];Studieux:[2, 1, -0.005, -4, 2,2,2];Dépressif:[2, 1, -0.005, -4, 2,2,2];Peureux:[2, 1, -0.005, -4, 2,2,2]; 20:00:00; 22:00:00
Sortie; Cinema; Vous allez voir un film au cinéma.; 02:00:00;[10, 1,1,0];[1,1,1,1,1,1,1];Ressources/Images/cinema.png;normal:[1, 1,0,-4,2,2,2];Gourmand:[1, 1,0,-4,2,2,2];Sportif:[1, 1,0,-4,2,2,2];VideoGamer:[1, 1,0,-4,2,2,2];Social:[1, 1,0,-4,2,2,2];Studieux:[1, 1,0,-4,2,2,2];Dépressif:[1, 1,0,-4,2,2,2];Peureux:[1, 1,0,-4,2,2,2]; 11:00:00; 22:00:00
Sortie; Europa-park; Vous allez passer une journée a Europa-park.; 10:00:00;[60, 1,1,0];[1,1,1,1,1,1,1];Ressources/Images/europapark.png;normal:[8, 1, -0.003, -6, 2,2,2];Gourmand:[6, 1, 0.01, -6, 2,2,2];Sportif:[6, 1, -0.003, -6, 2,2,2];VideoGamer:[8, 1, -0.007, -6, 2,2,2];Social:[8, 1, -0.003, -6, 2,2,2];Studieux:[8, 1, -0.003, -6, 2,2,2];Dépressif:[8, 1, -0.003, -4, 2,2,2];Peureux:[8, 1, -0.003, 1, 2,2,2];08:00:00; 11:00:00
Sortie; Marche; Vous allez marcher dans la nature;03:00:00;[20, 1,1,0];[1,1,1,1,1,1,1];Ressources/Images/marche.png;normal:[1, 1, -0.015, -5, 2,2,2];Gourmand:[1, 1, -0.015, -5, 2,2,2];Sportif:[1, 1, -0.015, -6, 2,2,2];VideoGamer:[1, 1, -0.015, -5, 2,2,2];Social:[1, 1, -0.015, -5, 2,2,2];Studieux:[1, 1, -0.015, -5, 2,2,2];Dépressif:[1, 1, -0.015, -5, 2,2,2];Peureux:[1, 1, -0.015, -5, 2,2,2];09:00:00; 15:00:00

Autre; Sieste; Vous allez dormir un petit peu pour recharger vos batteries.;01:30:00; [0,1,1,0];[1,1,1,1,1,1,1];;normal:[-4, 1,-0.003,-10,1,2,0];Gourmand:[-4, 1,-0.003,-10,1,2,0];Sportif:[-4, 1,-0.003,-10,1,2,0];VideoGamer:[-4, 1,-0.003,-10,1,2,0];Social:[-4, 1,-0.003,-10,1,2,0];Studieux:[-4, 1,-0.003,-10,1,2,0];Dépressif:[-4, 1,-0.003,-10,1,2,0];Peureux:[-4, 1,-0.003,-10,1,2,0];00:00:00;23:59:59
Autre; Dormir; Vous allez vous coucher pour une bonne nuit de sommeil.;07:00:00; [0,1,1,0];[1,1,1,1,1,1,1];;normal:[-15,1,-0.004,-25,1,2,0];Gourmand:[-15,1,-0.004,-25,1,2,0];Sportif:[-15,1,-0.004,-25,1,2,0];VideoGamer:[-15,1,-0.004,-25,1,2,0];Social:[-15,1,-0.004,-25,1,2,0];Studieux:[-15,1,-0.004,-25,1,2,0];Dépressif:[-15,1,-0.004,-25,1,2,0];Peureux:[-15,1,-0.004,-25,1,2,0];00:00:00; 5:00:00;20:00:00;23:59:59
Autre; Médecin; Vous allez consulter votre médecin (soit pour cause de maladie, soit pour le diabète).; 02:00:00;[10, 1,2,1];[1,1,0,1,1,0,0];Ressources/Images/medecin.png;normal:[-1,1,0,-3,2,0,0];Gourmand:[-1,1,0,-3,2,0,0];Sportif:[-1,1,0,-3,2,0,0];VideoGamer:[-1,1,0,-3,2,0,0];Social:[-1,1,0,-3,2,0,0];Studieux:[-1,1,0,-3,2,0,0];Dépressif:[0,1,0,-3,2,0,0];Peureux:[-1,1,0,-2,2,0,0]; 08:00:00; 11:30:00; 14:00:00; 17:30:00

Travail; Travailler dur; Vous travaillez dur aujourd'hui, vous êtes content de vous.;00:50:00; [25,1,1,2];[1,1,1,1,1,1,1];Ressources/Images/travaillerdur.png;normal:[20, 1,0,5,2,2,2];Gourmand:[25, 1,0,10,2,2,2];Sportif:[25, 1,0,10,2,2,2];VideoGamer:[20, 1,0,5,2,2,2];Social:[20, 1,0,5,2,2,2];Studieux:[15, 1,0,0,2,2,2];Dépressif:[20, 1,0,5,2,2,2];Peureux:[20, 1,0,5,2,2,2]; 00:00:00; 23:59:59
Travail; Travail normal; Vous travaillez comme d'habitude aujourd'hui.;00:50:00; [15,1,1,2];[1,1,1,1,1,1,1];Ressources/Images/travaillernormal.png;normal:[10, 1,0,15,2,2,2];Gourmand:[10, 1,0,15,2,2,2];Sportif:[10, 1,0,15,2,2,2];VideoGamer:[15, 1,0,10,2,2,2];Social:[10, 1,0,15,2,2,2];Studieux:[10, 1,0,10,2,2,2];Dépressif:[10, 1,0,15,2,2,2];Peureux:[10, 1,0,15,2,2,2]; 00:00:00; 23:59:59
Travail; Travailler peu; Vous n'avez pas envie de travailler aujourd'hui, vous travaillez peu.;00:50:00; [10,1,1,2];[1,1,1,1,1,1,1];Ressources/Images/travaillerpeu.png;normal:[5, 1,0,25,2,2,2];Gourmand:[5, 1,0,25,2,2,2];Sportif:[5, 1,0,25,2,2,2];VideoGamer:[5, 1,0,5,2,2,2];Social:[5, 1,0,25,2,2,2];Studieux:[25, 1,0,35,2,2,2];Dépressif:[5, 1,0,25,2,2,2];Peureux:[5, 1,0,25,2,2,2]; 00:00:00; 23:59:59
Travail; Ne pas travailler; Vous ne faites rien au travail.;00:50:00; [0,1,1,2];[1,1,1,1,1,1,1];Ressources/Images/pastravailler.png;normal:[0, 1,0,35,2,2,2];Gourmand:[0, 1,0,35,2,2,2];Sportif:[0, 1,0,35,2,2,2];VideoGamer:[0, 1,0,0,2,2,2];Social:[0, 1,0,35,2,2,2];Studieux:[0, 1,0,45,2,2,2];Dépressif:[0, 1,0,35,2,2,2];Peureux:[0, 1,0,35,2,2,2]; 00:00:00; 23:59:59