Léger refroidissement; Vous empêche de faire du sport, vous restez à l'intérieur.;02:00:00:00;0.5;false;[0,1,0,1];all:[0.5,1,-0.0007,0.2,2,1,2];[1,1,1,1,1,1,1];Ressources/Images/legerrefroidissement.png;00:00:00;23:59:59
Gros refroidissement; Vous empêche de sortir, de faire du sport, d'aller au travail. Vous pouvez uniquement aller chez le médecin; 03:00:00:00;0.05;false;[0,1,0,1];all:[0.7,1,-0.0005,5,2,1,2];[1,1,1,1,1,1,1];Ressources/Images/grosrefroidissement.png;00:00:00; 23:59:59
Diarrhée; Vous avez des problèmes de transit, vous ne mangez presque plus et vous perdez du poids.;01:00:00:00;0.07;false;[0,1,0,1];all:[1,1, -0.005,4,2,1,2];[1,1,1,1,1,1,1];Ressources/Images/diarrhee.png;00:00:00; 23:59:59
Gastro; Vous avez une grosse gastro, vous ne mangez plus rien et vous perdez du poids.;01:00:00:00;0.07;false;[0,1,0,1];all:[1,1, -0.005,4,2,1,2]; [1,1,1,1,1,1,1];Ressources/Images/diarrhee.png;00:00:00; 23:59:59
Coup de mou; Vous avez une période difficile et vous vous sentez mal.;06:00:00;0.1;false;[0,1,0,1];all:[1.5, 0.99, -0.005, 5, 2,1,0];[1,1,1,1,1,1,1];Ressources/Images/coupdemou.png;00:00:00; 23:59:59
Maux de ventre; Vous avez des brûlures d'estomac, vous ne vous sentez pas bien.;12:00:00;0.07;false;[0,1,0,1];all:[1,1, -0.006,4,2,1,2]; [1,1,1,1,1,1,1];Ressources/Images/mauxdeventre.png;00:00:00; 23:59:59
Manger des bonbons; Vous en avez marre de faire attention à votre taux de glycémie, vous allez donc mangez des bonbons;00:30:00;0.02;false;[0,1,1,1];all:[-2,1,0.1, -3,2,2,2];[1,1,1,1,1,1,1];Ressources/Images/bonbon.png;Gourmand:[101,0/60,10/101,0];00:00:00; 23:59:59
Grignotage; Vous trouvez que ce paquet de chips/gâteaux vous fait de l'oeil, vous allez donc lui rendre visite.;00:30:00;0.02;false;[0,1,1,1];all:[-2,1,0.1, -3,2,2,2];[1,1,1,1,1,1,1];Ressources/Images/grignotage.png;Gourmand:[101,0/60,10/101,0];00:00:00; 23:59:59
Choc émotionnel;Vous apprenez qu'un de vos proche est diagnostiqué du cancer de l'auriculaire.;01:00:00:00;0.03;false;[0,1,1,1];all:[0.5,1,0,1,2,2,2];[1,1,1,1,1,1,1];Ressources/Images/chocemotionnel.png;08:00:00;23:00:00
Activité physique imprévue;Vous devez aider quelqu'un pour déplacer un objet très lourd. Cela vous fatigue.;01:00:00; 0.05;true;[0,1,0,1];all:[3,1,-0.002,3,2,2,2];[1,1,1,1,1,1,1];Ressources/Images/apimprevue.png;Sportif:[101,0/101,0/1.5,0.1];06:00:00;23:00:00
Soda; Vous craquez pour une boisson très sucrée.;00:30:00; 0.02;false;[0,1,1,1];all:[-2,1,0.1, -3,2,2,2];[1,1,1,1,1,1,1];Ressources/Images/soda.png;Gourmand:[101,0/60,10/101,0];00:00:00; 23:59:59
Panne de voiture; Vous n'avez rien à manger dans votre voiture.;02:30:00; 0.005;true;[0,1,0,0];all:[0.5,1,-0.003,3,2,2,2];[1,1,1,1,1,1,1];Ressources/Images/pannedevoiture.png;06:00:00;23:00:00
Travail; Vous allez travailler.;03:00:00;100;false;[0,1,1,0];all:[0,1,0,0,2,2,1];[1,1,0,1,1,0,0];Ressources/Images/travailevent.png;08:50:00;09:10:00;13:00:00;15:00:00
Quitter le travail; Vous quittez votre travail.;00:10:00;100;false;[0,1,1,2];all:[0,1,0,0,2,2,0];[1,1,0,1,1,0,0];Ressources/Images/quittertravail.png;12:00:00;12:10:00;16:00:00;16:10:00
Aller au bar; Vous êtes invité pour boire un coup.;03:00:00; 0.5;true;[0,1,1,0];all:[0.05,1,0.003,-1,2,2,2];[1,1,1,1,1,1,1];Ressources/Images/bar.png;20:00:00;23:00:00
Poussée d'hormone; Votre glycémie augmente pendant la nuit;01:00:00;100;false;[0,1,1,1];all:[0,1,0.15,0,2,2,2];[1,1,1,1,1,1,1];;04:00:00;04:50:00
Uriner; Vous devez uriner, et ça ne peut plus attendre...;00:10:00;0.5;true;[0,1,1,1];all:[0,1,0,0,2,2,2];[1,1,1,1,1,1,1];Ressources/Images/uriner.png;Gourmand:[101,0/101,0/2,30];Sportif:[101,0/101,0/2,30];VideoGamer:[101,0/101,0/2,30];Social:[101,0/101,0/2,30];Studieux:[101,0/101,0/2,30];Dépressif:[101,0/101,0/2,30];Peureux:[101,0/101,0/2,30];00:00:00;23:59:59
Vomissements et faiblesse; Vous avez des vomissements et vous avez beaucoup la tête qui tourne...;00:30:00;0.01;true;[0,1,1,1];all:[4,1,0,0,2,2,2];[1,1,1,1,1,1,1];Ressources/Images/nausee.png;Gourmand:[101,0/101,0/-0.5,30];Sportif:[101,0/101,0/-0.5,30];VideoGamer:[101,0/101,0/-0.5,30];Social:[101,0/101,0/-0.5,30];Studieux:[101,0/101,0/-0.5,30];Dépressif:[101,0/101,0/-0.5,30];Peureux:[101,0/101,0/-0.5,30];00:00:00;23:59:59
